"Electronics"	1000
"Electronics"	10003
"Electronics"	10013
"Electronics"	10014
"Electronics"	10018
"Electronics"	10019
"Electronics"	10029
"Electronics"	1003
"Electronics"	10030
"Electronics"	10034
"Electronics"	10035
"Electronics"	10039
"Electronics"	10048
"Electronics"	1005
"Electronics"	10056
"Electronics"	10058
"Electronics"	10060
"Electronics"	10061
"Electronics"	10062
"Electronics"	10063
"Electronics"	10064
"Electronics"	10066
"Electronics"	10068
"Electronics"	10071
"Electronics"	10076
"Electronics"	10078
"Electronics"	10082
"Electronics"	10085
"Electronics"	10090
"Electronics"	10091
"Electronics"	10093
"Electronics"	10094
"Electronics"	10095
"Electronics"	10097
"Electronics"	10101
"Electronics"	10107
"Electronics"	10109
"Electronics"	10110
"Electronics"	10111
"Electronics"	10117
"Electronics"	10118
"Electronics"	1012
"Electronics"	10123
"Electronics"	10127
"Electronics"	1013
"Electronics"	10135
"Electronics"	10139
"Electronics"	10141
"Electronics"	10142
"Electronics"	10147
"Electronics"	10153
"Electronics"	10155
"Electronics"	10157
"Electronics"	10160
"Electronics"	10161
"Electronics"	10165
"Electronics"	1017
"Electronics"	10173
"Electronics"	10175
"Electronics"	10177
"Electronics"	10184
"Electronics"	10189
"Electronics"	1019
"Electronics"	10191
"Electronics"	10201
"Electronics"	10203
"Electronics"	10204
"Electronics"	10205
"Electronics"	10206
"Electronics"	10209
"Electronics"	1021
"Electronics"	10210
"Electronics"	10211
"Electronics"	10212
"Electronics"	10213
"Electronics"	10215
"Electronics"	10225
"Electronics"	1023
"Electronics"	10230
"Electronics"	10233
"Electronics"	10234
"Electronics"	10241
"Electronics"	10244
"Electronics"	10250
"Electronics"	10252
"Electronics"	10254
"Electronics"	10255
"Electronics"	10258
"Electronics"	10259
"Electronics"	10262
"Electronics"	10265
"Electronics"	10268
"Electronics"	10269
"Electronics"	10270
"Electronics"	10271
"Electronics"	10281
"Electronics"	10284
"Electronics"	10289
"Electronics"	10294
"Electronics"	10297
"Electronics"	1030
"Electronics"	10302
"Electronics"	10303
"Electronics"	10307
"Electronics"	10309
"Electronics"	10314
"Electronics"	10316
"Electronics"	10317
"Electronics"	10320
"Electronics"	10323
"Electronics"	10324
"Electronics"	10329
"Electronics"	10337
"Electronics"	10339
"Electronics"	10341
"Electronics"	10351
"Electronics"	10355
"Electronics"	10356
"Electronics"	10358
"Electronics"	1036
"Electronics"	10362
"Electronics"	10367
"Electronics"	10372
"Electronics"	10373
"Electronics"	10375
"Electronics"	10379
"Electronics"	1038
"Electronics"	10383
"Electronics"	10386
"Electronics"	10387
"Electronics"	10391
"Electronics"	10397
"Electronics"	104
"Electronics"	10406
"Electronics"	10409
"Electronics"	10418
"Electronics"	10424
"Electronics"	10427
"Electronics"	1043
"Electronics"	10430
"Electronics"	10435
"Electronics"	1044
"Electronics"	10440
"Electronics"	10443
"Electronics"	10445
"Electronics"	10447
"Electronics"	1045
"Electronics"	10450
"Electronics"	1046
"Electronics"	10461
"Electronics"	10464
"Electronics"	10471
"Electronics"	10480
"Electronics"	10481
"Electronics"	10493
"Electronics"	10494
"Electronics"	10496
"Electronics"	10501
"Electronics"	10509
"Electronics"	1051
"Electronics"	10514
"Electronics"	10517
"Electronics"	10519
"Electronics"	10522
"Electronics"	10523
"Electronics"	10528
"Electronics"	10530
"Electronics"	10533
"Electronics"	10534
"Electronics"	10539
"Electronics"	10541
"Electronics"	10543
"Electronics"	10545
"Electronics"	1055
"Electronics"	1056
"Electronics"	10562
"Electronics"	10563
"Electronics"	10566
"Electronics"	10568
"Electronics"	10570
"Electronics"	10577
"Electronics"	10578
"Electronics"	10579
"Electronics"	1058
"Electronics"	10582
"Electronics"	10585
"Electronics"	10586
"Electronics"	10587
"Electronics"	10588
"Electronics"	1059
"Electronics"	10594
"Electronics"	10597
"Electronics"	10599
"Electronics"	10604
"Electronics"	10607
"Electronics"	10610
"Electronics"	10613
"Electronics"	10615
"Electronics"	10618
"Electronics"	10622
"Electronics"	10628
"Electronics"	10629
"Electronics"	1063
"Electronics"	10631
"Electronics"	10637
"Electronics"	10638
"Electronics"	1064
"Electronics"	10646
"Electronics"	10655
"Electronics"	10656
"Electronics"	10660
"Electronics"	10661
"Electronics"	10664
"Electronics"	10668
"Electronics"	10669
"Electronics"	10672
"Electronics"	10678
"Electronics"	10681
"Electronics"	10683
"Electronics"	10698
"Electronics"	10699
"Electronics"	10700
"Electronics"	10701
"Electronics"	10703
"Electronics"	10706
"Electronics"	1071
"Electronics"	10710
"Electronics"	10715
"Electronics"	10717
"Electronics"	1072
"Electronics"	10721
"Electronics"	10724
"Electronics"	10725
"Electronics"	10726
"Electronics"	10727
"Electronics"	10731
"Electronics"	10733
"Electronics"	10734
"Electronics"	10737
"Electronics"	1074
"Electronics"	10746
"Electronics"	10753
"Electronics"	10757
"Electronics"	1076
"Electronics"	10761
"Electronics"	10766
"Electronics"	10774
"Electronics"	10775
"Electronics"	10777
"Electronics"	10779
"Electronics"	1078
"Electronics"	10783
"Electronics"	10784
"Electronics"	10789
"Electronics"	10791
"Electronics"	10799
"Electronics"	1080
"Electronics"	10801
"Electronics"	1081
"Electronics"	10810
"Electronics"	10813
"Electronics"	10819
"Electronics"	10824
"Electronics"	10825
"Electronics"	10827
"Electronics"	10836
"Electronics"	10837
"Electronics"	10844
"Electronics"	10846
"Electronics"	10848
"Electronics"	10850
"Electronics"	10866
"Electronics"	10870
"Electronics"	10871
"Electronics"	10873
"Electronics"	10878
"Electronics"	10881
"Electronics"	10889
"Electronics"	10891
"Electronics"	10895
"Electronics"	10897
"Electronics"	10898
"Electronics"	10902
"Electronics"	10904
"Electronics"	10907
"Electronics"	10908
"Electronics"	1091
"Electronics"	10910
"Electronics"	10911
"Electronics"	10912
"Electronics"	10913
"Electronics"	10914
"Electronics"	10918
"Electronics"	10919
"Electronics"	10920
"Electronics"	10928
"Electronics"	10932
"Electronics"	10934
"Electronics"	10935
"Electronics"	10937
"Electronics"	10939
"Electronics"	10940
"Electronics"	10941
"Electronics"	10957
"Electronics"	10958
"Electronics"	10960
"Electronics"	10961
"Electronics"	10966
"Electronics"	1097
"Electronics"	10971
"Electronics"	10972
"Electronics"	10987
"Electronics"	10989
"Electronics"	10999
"Electronics"	11000
"Electronics"	11011
"Electronics"	11015
"Electronics"	11022
"Electronics"	11024
"Electronics"	11026
"Electronics"	11034
"Electronics"	11036
"Electronics"	11039
"Electronics"	1104
"Electronics"	11040
"Electronics"	11043
"Electronics"	11045
"Electronics"	11051
"Electronics"	11056
"Electronics"	11058
"Electronics"	11059
"Electronics"	11060
"Electronics"	11062
"Electronics"	11064
"Electronics"	11065
"Electronics"	11068
"Electronics"	1107
"Electronics"	11070
"Electronics"	11071
"Electronics"	11078
"Electronics"	11079
"Electronics"	1108
"Electronics"	11082
"Electronics"	11085
"Electronics"	11086
"Electronics"	11088
"Electronics"	1109
"Electronics"	11092
"Electronics"	11093
"Electronics"	11098
"Electronics"	11099
"Electronics"	11100
"Electronics"	11102
"Electronics"	11104
"Electronics"	11108
"Electronics"	1111
"Electronics"	11112
"Electronics"	11115
"Electronics"	11118
"Electronics"	11120
"Electronics"	11126
"Electronics"	11133
"Electronics"	11137
"Electronics"	11147
"Electronics"	11148
"Electronics"	1115
"Electronics"	11150
"Electronics"	11151
"Electronics"	11169
"Electronics"	11173
"Electronics"	11175
"Electronics"	11176
"Electronics"	11177
"Electronics"	11182
"Electronics"	11185
"Electronics"	11193
"Electronics"	11195
"Electronics"	11199
"Electronics"	11202
"Electronics"	11203
"Electronics"	11211
"Electronics"	11217
"Electronics"	11220
"Electronics"	11229
"Electronics"	1123
"Electronics"	11230
"Electronics"	11236
"Electronics"	11238
"Electronics"	11241
"Electronics"	11242
"Electronics"	11252
"Electronics"	11254
"Electronics"	11255
"Electronics"	11256
"Electronics"	1126
"Electronics"	11267
"Electronics"	11268
"Electronics"	11272
"Electronics"	11274
"Electronics"	11278
"Electronics"	1128
"Electronics"	11284
"Electronics"	11285
"Electronics"	11287
"Electronics"	11288
"Electronics"	11291
"Electronics"	11295
"Electronics"	11301
"Electronics"	11302
"Electronics"	11309
"Electronics"	11310
"Electronics"	11313
"Electronics"	11315
"Electronics"	11316
"Electronics"	11320
"Electronics"	11321
"Electronics"	11322
"Electronics"	11331
"Electronics"	11332
"Electronics"	11334
"Electronics"	11341
"Electronics"	11343
"Electronics"	11347
"Electronics"	1135
"Electronics"	11350
"Electronics"	11356
"Electronics"	11362
"Electronics"	11363
"Electronics"	11366
"Electronics"	11368
"Electronics"	11372
"Electronics"	11373
"Electronics"	1138
"Electronics"	11380
"Electronics"	11382
"Electronics"	11384
"Electronics"	11385
"Electronics"	1139
"Electronics"	11391
"Electronics"	11394
"Electronics"	11395
"Electronics"	114
"Electronics"	11401
"Electronics"	11403
"Electronics"	11407
"Electronics"	11409
"Electronics"	1141
"Electronics"	11418
"Electronics"	11420
"Electronics"	11422
"Electronics"	1143
"Electronics"	11434
"Electronics"	11438
"Electronics"	1144
"Electronics"	11446
"Electronics"	11447
"Electronics"	11449
"Electronics"	1145
"Electronics"	11459
"Electronics"	1146
"Electronics"	11460
"Electronics"	11463
"Electronics"	1147
"Electronics"	11470
"Electronics"	11477
"Electronics"	11482
"Electronics"	11484
"Electronics"	11488
"Electronics"	11495
"Electronics"	11497
"Electronics"	11498
"Electronics"	1150
"Electronics"	11502
"Electronics"	11503
"Electronics"	11510
"Electronics"	11514
"Electronics"	11516
"Electronics"	11517
"Electronics"	11519
"Electronics"	1152
"Electronics"	11523
"Electronics"	11525
"Electronics"	11526
"Electronics"	11529
"Electronics"	11532
"Electronics"	11533
"Electronics"	11534
"Electronics"	11541
"Electronics"	11544
"Electronics"	11553
"Electronics"	11559
"Electronics"	1156
"Electronics"	11561
"Electronics"	11566
"Electronics"	11568
"Electronics"	1157
"Electronics"	11573
"Electronics"	11575
"Electronics"	1158
"Electronics"	11582
